{
  "compiler": {
    "version": "0.8.20"
  },
  "language": "Solidity",
  "settings": {
    "optimizer": {
      "enabled": true,
      "runs": 200
    }
  },
  "sources": {
    "HypertoonsNFTUltraMinimal.sol": {
      "content": "// SPDX-License-Identifier: MIT\npragma solidity ^0.8.20;\n\nimport \"@openzeppelin/contracts/token/ERC721/ERC721.sol\";\nimport \"@openzeppelin/contracts/access/Ownable.sol\";\nimport \"@openzeppelin/contracts/utils/cryptography/MerkleProof.sol\";\n\ncontract HypertoonsNFTUltraMinimal is ERC721, Ownable {\n    uint256 public constant MAX_SUPPLY = 1200;\n    uint256 public totalSupply;\n    string public baseURI;\n    mapping(uint256 => bool) public phaseActive;\n    mapping(uint256 => bytes32) public phaseMerkleRoot;\n\n    constructor(\n        string memory name,\n        string memory symbol,\n        uint256 maxSupply,\n        string memory _baseURI,\n        address initialOwner\n    ) ERC721(name, symbol) Ownable(initialOwner) {\n        baseURI = _baseURI;\n    }\n\n    function mint(uint256 phase, bytes32[] calldata merkleProof) external payable {\n        require(phaseActive[phase], \"Phase not active\");\n        require(totalSupply < MAX_SUPPLY, \"Max supply reached\");\n        \n        if (phase > 0) {\n            bytes32 leaf = keccak256(abi.encodePacked(msg.sender));\n            require(\n                MerkleProof.verify(merkleProof, phaseMerkleRoot[phase], leaf),\n                \"Invalid proof\"\n            );\n        }\n\n        unchecked {\n            _mint(msg.sender, totalSupply + 1);\n            totalSupply++;\n        }\n    }\n\n    function setPhase(uint256 phase, bytes32 merkleRoot) external onlyOwner {\n        phaseActive[phase] = true;\n        phaseMerkleRoot[phase] = merkleRoot;\n    }\n\n    function endPhase(uint256 phase) external onlyOwner {\n        phaseActive[phase] = false;\n    }\n\n    function setBaseURI(string memory newBaseURI) external onlyOwner {\n        baseURI = newBaseURI;\n    }\n\n    function _baseURI() internal view override returns (string memory) {\n        return baseURI;\n    }\n}"
    }
  }
} 